逃离简易房屋175, 益智类, 2024-05-04
小灰猫大冒险, 冒险类, 2024-05-04
水果销售商救援, 益智类, 2024-05-04
寻找英雄蚁人, 益智类, 2024-05-04
音乐节拍挑战, 敏捷篇, 2024-05-04
童话村来找茬, 益智类, 2024-05-04
游乐园大逃脱, 益智类, 2024-05-04
逃离玻璃迷宫, 益智类, 2024-05-04
美好的周末旅行, 益智类, 2024-05-04
美好的锻炼时间, 益智类, 2024-05-04
营救雷诺, 益智类, 2024-05-04
逃离无人紫色房屋, 益智类, 2024-05-04
山羊跳高高, 敏捷篇, 2024-05-03
狙击大师, 射击类, 2024-05-03
经典豪华麻将, 益智类, 2024-05-03
营救胡萝卜公主, 益智类, 2024-05-03
机器人工作台, 益智类, 2024-05-03
少侠来修仙, 策略类, 2024-05-03
万圣夜大消除, 益智类, 2024-05-03
可爱的木瓜屋逃脱, 益智类, 2024-05-03
逃离恶魔森林, 益智类, 2024-05-03
母女购物, 休闲类, 2024-05-03
寻找遗失的钱财, 益智类, 2024-05-03
解救海象, 益智类, 2024-05-02
五子棋大师, 棋牌类, 2024-05-02
逃出湖心房屋, 益智类, 2024-05-02
时代战争, 策略类, 2024-05-02
逃离榴莲元素房屋, 益智类, 2024-05-02
收割麦子, 休闲类, 2024-05-02
救援被诅咒的精灵, 益智类, 2024-05-02
拯救可爱的农场猪, 益智类, 2024-05-02
救援卖椰子的老板, 益智类, 2024-05-02
被诅咒的女孩逃跑, 益智类, 2024-05-02
逗小猴开心系列865, 益智类, 2024-05-02
魔法之森, 益智类, 2024-05-02
功夫大师, 敏捷篇, 2024-05-02
脑筋转转转, 益智类, 2024-05-02
逃离简易房屋176, 益智类, 2024-05-02
紫禁十二时辰, 益智类, 2024-05-01
营救可爱的海狸, 益智类, 2024-05-01
拯救香蕉小怪, 益智类, 2024-05-01
救援聪明的蒂姆, 益智类, 2024-05-01
祖母的惊喜, 益智类, 2024-05-01
幻觉之地, 益智类, 2024-05-01
三国华容道, 益智类, 2024-05-01
烹饪巨星, 休闲类, 2024-05-01
万圣节填单词, 益智类, 2024-05-01
圣诞简易拼图, 益智类, 2024-05-01
医生逃离医院, 益智类, 2024-05-01
昏暗儿童房逃生190, 益智类, 2024-05-01
寻找公主的王冠, 益智类, 2024-05-01
动物麻将相连, 益智类, 2024-05-01
小鸟扔蛋, 敏捷篇, 2024-05-01
绿色零件, 休闲类, 2024-05-01
拯救无辜的小鹰, 益智类, 2024-05-01
失落的恐龙世界, 益智类, 2024-04-30
安吉丽娜整理物品, 休闲类, 2024-04-30
无止境的奔跑, 敏捷篇, 2024-04-30
亚特兰蒂斯的秘密, 射击类, 2024-04-30
跳蚤单词大师, 益智类, 2024-04-30
水果披萨店, 模拟经营, 2024-04-30
救援饥饿的熊宝宝, 益智类, 2024-04-30
帮助失散的鱼, 益智类, 2024-04-30
制作新品披萨, 休闲类, 2024-04-30
救援可爱的美洲驼, 益智类, 2024-04-30
寻找本尼的书包, 益智类, 2024-04-30
救援懒惰的男子, 益智类, 2024-04-30
气球与剪刀, 益智类, 2024-04-30
逃离吸烟区, 益智类, 2024-04-30
音乐狂潮, 敏捷篇, 2024-04-30
通往神秘之门, 益智类, 2024-04-30
红乌鸦救援, 益智类, 2024-04-30
逃出神秘的房屋, 益智类, 2024-04-30
吃鸡王者机甲英雄, 射击类, 2024-04-30
解救狡猾的狐狸, 益智类, 2024-04-30
救援打盹的熊猫, 益智类, 2024-04-30
小虾米战三国, 策略类, 2024-04-29
组合猜单词, 益智类, 2024-04-29
凯茜的生活6, 休闲类, 2024-04-29
凯茜的生活5, 休闲类, 2024-04-29
盛大的酒店阴谋, 益智类, 2024-04-29
探索热带的秘密, 益智类, 2024-04-29
太空人集飞碟, 敏捷篇, 2024-04-29
帝国保卫战, 策略类, 2024-04-29
圣诞物品合成, 益智类, 2024-04-29
文字你好坏, 益智类, 2024-04-29
山地车竞技赛, 体育类, 2024-04-29
高速车特技挑战, 体育类, 2024-04-29
照顾我的可爱小熊, 装扮类, 2024-04-29
一笔成型, 益智类, 2024-04-29
疯狂的跑路者, 敏捷篇, 2024-04-29
救援斯托特, 益智类, 2024-04-29
生日聚会逃脱, 益智类, 2024-04-29
动物园放置, 休闲类, 2024-04-29
原住民逃脱, 益智类, 2024-04-29
可爱图册填色, 益智类, 2024-04-29
困在岛屿的战士, 益智类, 2024-04-29
逃离鸡舍, 益智类, 2024-04-29
缺失的一块, 益智类, 2024-04-29
击球小子, 体育类, 2024-04-29
救出北美红雀, 益智类, 2024-04-29
拯救小瓢虫, 益智类, 2024-04-29
营救小猎犬, 益智类, 2024-04-28
奇怪的乡村逃脱, 益智类, 2024-04-28
史上最坑爹的游戏5H5, 益智类, 2024-04-28
万圣节布置房屋, 休闲类, 2024-04-28
国王的王冠, 益智类, 2024-04-28
解救双胞胎, 益智类, 2024-04-28
救援雄鹰, 益智类, 2024-04-28
女孩和小马逃脱, 益智类, 2024-04-28
复古咖啡馆, 益智类, 2024-04-28
寻找午休的人, 益智类, 2024-04-28
故障的衣柜, 益智类, 2024-04-28
像素世界找金币, 冒险类, 2024-04-28
黄色小鸟救援, 益智类, 2024-04-28
巧克力池蚂蚁逃脱, 益智类, 2024-04-28
凯伦和小猫, 装扮类, 2024-04-28
寿司麻将, 益智类, 2024-04-28
平图特拉基尔, 冒险类, 2024-04-28
逃离方块堵截, 益智类, 2024-04-28
凯茜的生活4, 休闲类, 2024-04-28
喷气小圈障碍赛, 敏捷篇, 2024-04-28
战机疯狂冲刺, 敏捷篇, 2024-04-28
救援小人国女子, 益智类, 2024-04-28
合出大西瓜, 益智类, 2024-04-28
小鸡饲养场, 休闲类, 2024-04-28
救援麻雀夫妇, 益智类, 2024-04-28
台球冲刺, 益智类, 2024-04-27
密室空中跑酷2, 敏捷篇, 2024-04-27
万圣节大拼图, 益智类, 2024-04-27
逃出消防站, 益智类, 2024-04-27
歌手的冒险, 冒险类, 2024-04-27
水果叠叠高, 敏捷篇, 2024-04-27
蓝鱼逃生, 益智类, 2024-04-27
牛奶供应商, 模拟经营, 2024-04-27
街头小狗救助, 益智类, 2024-04-27
恐龙聚会逃脱, 益智类, 2024-04-27
弹珠吃糖果, 敏捷篇, 2024-04-27
救援美人鱼夫妇, 益智类, 2024-04-27
小鸟快逃脱, 益智类, 2024-04-27
寻找电视遥控, 益智类, 2024-04-27
豆豆推箱子17, 益智类, 2024-04-27
逃离默剧表演厅, 益智类, 2024-04-27
熙熙攘攘的集市, 益智类, 2024-04-27
飞船跳跃飞行, 敏捷篇, 2024-04-27
帮绿头鸭逃脱, 益智类, 2024-04-27
救援流行歌星, 益智类, 2024-04-27
情侣逃出房屋, 益智类, 2024-04-27
寻找昂贵的香水, 益智类, 2024-04-27
浪漫的花园, 益智类, 2024-04-27
梦境相聚, 益智类, 2024-04-27
轨道运动, 益智类, 2024-04-27
仙山小农, 模拟经营, 2024-04-26
寻找刷牙的男孩, 益智类, 2024-04-26
小猪逃出洞, 益智类, 2024-04-26
4399大城主, 策略类, 2024-04-26
终极车赛, 体育类, 2024-04-26
猫咪枪手大战僵尸2, 射击类, 2024-04-26
坡道汽车竞赛, 体育类, 2024-04-26
蓝块管道, 敏捷篇, 2024-04-26
神秘之地快逃脱, 益智类, 2024-04-26
飞行挑战, 敏捷篇, 2024-04-26
猫头鹰女巫和好友, 装扮类, 2024-04-26
像素太空人快跑, 敏捷篇, 2024-04-26
逃出林中深处, 益智类, 2024-04-26
铸币工厂, 益智类, 2024-04-26
仙女逃离池塘, 益智类, 2024-04-26
圣诞图片的差异2, 益智类, 2024-04-26
神勇枪手, 射击类, 2024-04-26
逃出粉色系房屋, 益智类, 2024-04-26
坦托的战术, 策略类, 2024-04-26
救援冒险的宇航员, 益智类, 2024-04-26
像素绘画, 休闲类, 2024-04-26
寻找樱花, 益智类, 2024-04-26
块状拼图, 益智类, 2024-04-26
格斗摔跤冠军, 敏捷篇, 2024-04-26
寻找驯虎师, 益智类, 2024-04-26
骆驼士兵逃脱, 益智类, 2024-04-26
救援父女俩, 益智类, 2024-04-26
青云诀之伏魔, 策略类, 2024-04-25
金属狂潮, 策略类, 2024-04-25
公主万圣妆容, 装扮类, 2024-04-25
救援小虫子的朋友, 益智类, 2024-04-25
猫咪魔法师, 冒险类, 2024-04-25
园艺乐趣, 益智类, 2024-04-25
逃离洞穴通道, 益智类, 2024-04-25
表情球逃脱, 益智类, 2024-04-25
拯救那个孩童, 益智类, 2024-04-25
被诅咒的雕像, 益智类, 2024-04-25
西方的麻烦, 益智类, 2024-04-25
不正当竞争, 益智类, 2024-04-25
英雄管道, 益智类, 2024-04-25
复活节金蛋, 益智类, 2024-04-25
脚踩五彩球, 敏捷篇, 2024-04-25
反恐精英战士, 射击类, 2024-04-25
触摸阴影, 益智类, 2024-04-25
极速抵达, 敏捷篇, 2024-04-25
逃离整洁空房屋, 益智类, 2024-04-25
食虫草, 敏捷篇, 2024-04-25
外星哥们儿H5, 益智类, 2024-04-25
万圣节小猫逃脱, 益智类, 2024-04-25
逃离东部隧道, 益智类, 2024-04-25
全力一拳, 敏捷篇, 2024-04-25
外太空的钻石, 敏捷篇, 2024-04-25
复活节逃离房间5, 益智类, 2024-04-25
找到玩偶龙, 益智类, 2024-04-25
女孩叠叠跳, 敏捷篇, 2024-04-24
